{
    "actorSpecification": 1,
    "name": "getting-started-python-crawlee-playwright",
    "title": "Getting started with Python Crawlee and Playwright",
    "description": "Scrapes titles of websites using Crawlee and Playwright.",
    "version": "0.0",
    "buildTag": "latest",
    "meta": {
        "templateId": "python-crawlee-playwright",
        "model": "<FILL-IN-MODEL>"
    },
    "input": "./input_schema.json",
    "output": "./output_schema.json",
    "storages": {
        "dataset": "./dataset_schema.json"
    },
    "dockerfile": "../Dockerfile"
}
