{
    "actorSpecification": 1,
    "fields": {},
    "views": {
        "overview": {
            "title": "Overview",
            "transformation": {
                "fields": ["title", "url", "h1s", "h2s", "h3s"]
            },
            "display": {
                "component": "table",
                "properties": {
                    "title": {
                        "label": "Title",
                        "format": "text"
                    },
                    "url": {
                        "label": "URL",
                        "format": "link"
                    },
                    "h1s": {
                        "label": "H1s",
                        "format": "array"
                    },
                    "h2s": {
                        "label": "H2s",
                        "format": "array"
                    },
                    "h3s": {
                        "label": "H3s",
                        "format": "array"
                    }
                }
            }
        }
    }
}
