{
    "actorSpecification": 1,
    "name": "getting-started-python-selenium",
    "title": "Getting started with Python and Selenium",
    "description": "Scrapes titles of websites using Selenium.",
    "version": "0.0",
    "buildTag": "latest",
    "meta": {
        "templateId": "python-selenium",
        "generatedBy": "<FILL-IN-MODEL>"
    },
    "input": "./input_schema.json",
    "output": "./output_schema.json",
    "storages": {
        "dataset": "./dataset_schema.json"
    },
    "dockerfile": "../Dockerfile"
}
