{
  "title": "@crawlee/puppeteer typescript template",
  "type": "object",
  "schemaVersion": 1,
  "properties": {
    "startUrls": {
      "title": "Start URLs",
      "type": "array",
      "description": "URLs to start with.",
      "editor": "requestListSources",
      "prefill": [
        { "url": "https://apify.com" }
      ]
    },
    "debug": {
      "title": "Debug mode",
      "type": "boolean",
      "description": "Enable additional logging",
      "editor": "checkbox"
    }
  },
  "required": [
    "startUrls"
  ]
}
