{
    "actorSpecification": 1,
    "name": "getting-started-python-playwright",
    "title": "Getting started with Python and Playwright",
    "description": "Scrapes titles of websites using Playwright.",
    "version": "0.0",
    "meta": {
         "templateId": "python-playwright"
    },
    "input": "./input_schema.json",
    "readme": "./README.md",
    "dockerfile": "./Dockerfile",
    "storages": {
        "dataset": {
            "actorSpecification": 1,
            "title": "URLs and their titles",
            "views": {
                "titles": {
                    "title": "URLs and their titles",
                    "transformation": {
                        "fields": [
                            "url",
                            "title"
                        ]
                    },
                    "display": {
                        "component": "table",
                        "properties": {
                            "url": {
                                "label": "URL",
                                "format": "text"
                            },
                            "title": {
                                "label": "Title",
                                "format": "text"
                            }
                        }
                    }
                }
            }
        }
    }
}
