{
    "actorSpecification": 1,
    "name": "python-start",
    "title": "Scrape single page in Python",
    "description": "Scrape data from single page with provided URL.",
    "version": "0.0",
    "buildTag": "latest",
    "meta": {
        "templateId": "python-start",
        "generatedBy": "<FILL-IN-MODEL>"
    },
    "input": "./input_schema.json",
    "output": "./output_schema.json",
    "storages": {
        "dataset": "./dataset_schema.json"
    },
    "dockerfile": "../Dockerfile"
}
