{
    "actorSpecification": 1,
    "name": "project-playwright-crawler-javascript",
    "title": "Project Playwright Crawler JavaScript",
    "description": "Crawlee and Playwright project in JavaScript.",
    "version": "0.0",
    "meta": {
        "templateId": "js-crawlee-playwright-chrome",
        "generatedBy": "<FILL-IN-MODEL>"
    },
    "input": "./input_schema.json",
    "output": "./output_schema.json",
    "storages": {
        "dataset": "./dataset_schema.json"
    },
    "dockerfile": "../Dockerfile"
}
