{
    "title": "Python Scrapy Scraper",
    "type": "object",
    "schemaVersion": 1,
    "properties": {
        "startUrls": {
            "title": "Start URLs",
            "type": "array",
            "description": "URLs to start with",
            "editor": "requestListSources",
            "prefill": [{ "url": "https://apify.com/" }],
            "default": [{ "url": "https://apify.com/" }]
        },
        "allowedDomains": {
            "title": "Allowed domains",
            "type": "array",
            "description": "Domains that the scraper is allowed to crawl.",
            "editor": "json",
            "prefill": ["apify.com"],
            "default": ["apify.com"]
        },
        "proxyConfiguration": {
            "sectionCaption": "Proxy and HTTP configuration",
            "title": "Proxy configuration",
            "type": "object",
            "description": "Specifies proxy servers that will be used by the scraper in order to hide its origin.",
            "editor": "proxy",
            "prefill": { "useApifyProxy": true },
            "default": { "useApifyProxy": true }
        }
    },
    "required": ["startUrls"]
}
