{
    "actorSpecification": 1,
    "name": "project-cypress-javascript",
    "title": "Cypress Project Javascript",
    "description": "Cypress project in JavaScript.",
    "version": "0.0",
    "meta": {
        "templateId": "js-cypress",
        "model": "<FILL-IN-MODEL>"
    },
    "input": "./input_schema.json",
    "readme": "./README.md",
    "dockerfile": "../Dockerfile",
    "storages": {
        "dataset": "./dataset_schema.json",
        "keyValueStore": "./key_value_store_schema.json"
    },
    "output": "./output_schema.json"
}
