{
  "id": "075dA22Fd1mzljJ",
  "json": "{\n  \"url\": \"https://github.com/apify\",\n  \"method\": \"GET\",\n  \"userData\": {\n    \"meta\": {\n      \"depth\": 1,\n      \"download_timeout\": 180.0,\n      \"download_slot\": \"github.com\",\n      \"download_latency\": 0.5384297370910645\n    }\n  },\n  \"id\": \"075dA22Fd1mzljJ\",\n  \"uniqueKey\": \"https://github.com/apify\",\n  \"handledAt\": \"2023-09-12 17:31:08.378795+00:00\"\n}",
  "method": "GET",
  "orderNo": null,
  "retryCount": 0,
  "uniqueKey": "https://github.com/apify",
  "url": "https://github.com/apify"
}