{
  "id": "0KcYmh6U2XYoqi2",
  "json": "{\n  \"url\": \"https://discord.com/invite/jyEM2PRvMU\",\n  \"method\": \"GET\",\n  \"userData\": {\n    \"meta\": {\n      \"depth\": 1,\n      \"download_timeout\": 180.0,\n      \"download_slot\": \"discord.com\",\n      \"download_latency\": 0.3100910186767578\n    }\n  },\n  \"id\": \"0KcYmh6U2XYoqi2\",\n  \"uniqueKey\": \"https://discord.com/invite/jyEM2PRvMU\",\n  \"handledAt\": \"2023-09-12 17:31:07.051184+00:00\"\n}",
  "method": "GET",
  "orderNo": null,
  "retryCount": 0,
  "uniqueKey": "https://discord.com/invite/jyEM2PRvMU",
  "url": "https://discord.com/invite/jyEM2PRvMU"
}