{
  "id": "2JaklrpmZoLa12T",
  "json": "{\n  \"url\": \"https://apify.com/product-matching-ai\",\n  \"method\": \"GET\",\n  \"userData\": {\n    \"meta\": {\n      \"depth\": 1,\n      \"download_timeout\": 180.0,\n      \"download_slot\": \"apify.com\",\n      \"download_latency\": 0.7304601669311523\n    }\n  },\n  \"id\": \"2JaklrpmZoLa12T\",\n  \"uniqueKey\": \"https://apify.com/product-matching-ai\",\n  \"handledAt\": \"2023-09-12 17:31:07.337616+00:00\"\n}",
  "method": "GET",
  "orderNo": null,
  "retryCount": 0,
  "uniqueKey": "https://apify.com/product-matching-ai",
  "url": "https://apify.com/product-matching-ai"
}