{
  "id": "2NG1AFKL80IxUEL",
  "json": "{\n  \"url\": \"https://www.youtube.com/apify\",\n  \"method\": \"GET\",\n  \"userData\": {\n    \"meta\": {\n      \"depth\": 1,\n      \"download_timeout\": 180.0,\n      \"download_slot\": \"www.youtube.com\",\n      \"download_latency\": 0.047738075256347656\n    }\n  },\n  \"id\": \"2NG1AFKL80IxUEL\",\n  \"uniqueKey\": \"https://www.youtube.com/apify\",\n  \"handledAt\": \"2023-09-12 17:31:07.828234+00:00\"\n}",
  "method": "GET",
  "orderNo": null,
  "retryCount": 0,
  "uniqueKey": "https://www.youtube.com/apify",
  "url": "https://www.youtube.com/apify"
}