{
  "id": "3FULW9cbbkMrV4R",
  "json": "{\n  \"url\": \"https://crawlee.dev\",\n  \"method\": \"GET\",\n  \"userData\": {\n    \"meta\": {\n      \"depth\": 1,\n      \"download_timeout\": 180.0,\n      \"download_slot\": \"crawlee.dev\",\n      \"download_latency\": 0.02073979377746582\n    }\n  },\n  \"id\": \"3FULW9cbbkMrV4R\",\n  \"uniqueKey\": \"https://crawlee.dev\",\n  \"handledAt\": \"2023-09-12 17:31:06.124621+00:00\"\n}",
  "method": "GET",
  "orderNo": null,
  "retryCount": 0,
  "uniqueKey": "https://crawlee.dev",
  "url": "https://crawlee.dev"
}