{
  "id": "5vr9EOCFZxdbP19",
  "json": "{\n  \"url\": \"https://apify.com/custom-solutions\",\n  \"method\": \"GET\",\n  \"userData\": {\n    \"meta\": {\n      \"depth\": 1,\n      \"download_timeout\": 180.0,\n      \"download_slot\": \"apify.com\",\n      \"download_latency\": 0.016189098358154297\n    }\n  },\n  \"id\": \"5vr9EOCFZxdbP19\",\n  \"uniqueKey\": \"https://apify.com/custom-solutions\",\n  \"handledAt\": \"2023-09-12 17:31:07.016005+00:00\"\n}",
  "method": "GET",
  "orderNo": null,
  "retryCount": 0,
  "uniqueKey": "https://apify.com/custom-solutions",
  "url": "https://apify.com/custom-solutions"
}