{
  "id": "6TSFJRSHOcl5qJV",
  "json": "{\n  \"url\": \"https://docs.apify.com/\",\n  \"method\": \"GET\",\n  \"userData\": {\n    \"meta\": {\n      \"depth\": 1,\n      \"download_timeout\": 180.0,\n      \"download_slot\": \"docs.apify.com\",\n      \"download_latency\": 0.013036012649536133\n    }\n  },\n  \"id\": \"6TSFJRSHOcl5qJV\",\n  \"uniqueKey\": \"https://docs.apify.com/\",\n  \"handledAt\": \"2023-09-12 17:31:06.140149+00:00\"\n}",
  "method": "GET",
  "orderNo": null,
  "retryCount": 0,
  "uniqueKey": "https://docs.apify.com/",
  "url": "https://docs.apify.com/"
}