{
  "id": "9o3KUmEnJswfUjH",
  "json": "{\n  \"url\": \"https://consent.youtube.com/m?continue=https%3A%2F%2Fwww.youtube.com%2Fapify%3Fcbrd%3D1&gl=CZ&m=0&pc=yt&cm=2&hl=en&src=1\",\n  \"method\": \"GET\",\n  \"userData\": {\n    \"meta\": {\n      \"depth\": 1,\n      \"download_timeout\": 180.0,\n      \"download_slot\": \"www.youtube.com\",\n      \"download_latency\": 0.09307193756103516,\n      \"redirect_times\": 1,\n      \"redirect_ttl\": 19,\n      \"redirect_urls\": [\n        \"https://www.youtube.com/apify\"\n      ],\n      \"redirect_reasons\": [\n        302\n      ]\n    }\n  },\n  \"id\": \"9o3KUmEnJswfUjH\",\n  \"uniqueKey\": \"https://consent.youtube.com/m?continue=https%3A%2F%2Fwww.youtube.com%2Fapify%3Fcbrd%3D1&gl=CZ&m=0&pc=yt&cm=2&hl=en&src=1\",\n  \"handledAt\": \"2023-09-12 17:31:08.051787+00:00\"\n}",
  "method": "GET",
  "orderNo": null,
  "retryCount": 0,
  "uniqueKey": "https://consent.youtube.com/m?continue=https%3A%2F%2Fwww.youtube.com%2Fapify%3Fcbrd%3D1&gl=CZ&m=0&pc=yt&cm=2&hl=en&src=1",
  "url": "https://consent.youtube.com/m?continue=https%3A%2F%2Fwww.youtube.com%2Fapify%3Fcbrd%3D1&gl=CZ&m=0&pc=yt&cm=2&hl=en&src=1"
}