{
  "id": "aNVJOdxnw9KpmIz",
  "json": "{\n  \"url\": \"https://www.capterra.com/reviews/150854/Apify\",\n  \"method\": \"GET\",\n  \"userData\": {\n    \"meta\": {\n      \"depth\": 1,\n      \"download_timeout\": 180.0,\n      \"download_slot\": \"www.capterra.com\",\n      \"download_latency\": 0.101593017578125\n    }\n  },\n  \"id\": \"aNVJOdxnw9KpmIz\",\n  \"uniqueKey\": \"https://www.capterra.com/reviews/150854/Apify\",\n  \"handledAt\": \"2023-09-12 17:31:07.942182+00:00\"\n}",
  "method": "GET",
  "orderNo": null,
  "retryCount": 0,
  "uniqueKey": "https://www.capterra.com/reviews/150854/Apify",
  "url": "https://www.capterra.com/reviews/150854/Apify"
}