{
  "id": "aoWDHcppjdmIBfD",
  "json": "{\n  \"url\": \"https://apify.com/enterprise\",\n  \"method\": \"GET\",\n  \"userData\": {\n    \"meta\": {\n      \"depth\": 1,\n      \"download_timeout\": 180.0,\n      \"download_slot\": \"apify.com\",\n      \"download_latency\": 0.018366098403930664\n    }\n  },\n  \"id\": \"aoWDHcppjdmIBfD\",\n  \"uniqueKey\": \"https://apify.com/enterprise\",\n  \"handledAt\": \"2023-09-12 17:31:06.088513+00:00\"\n}",
  "method": "GET",
  "orderNo": null,
  "retryCount": 0,
  "uniqueKey": "https://apify.com/enterprise",
  "url": "https://apify.com/enterprise"
}