{
  "id": "auIsGxmn8xPjDRh",
  "json": "{\n  \"url\": \"https://apify.com/apify/puppeteer-scraper\",\n  \"method\": \"GET\",\n  \"userData\": {\n    \"meta\": {\n      \"depth\": 1,\n      \"download_timeout\": 180.0,\n      \"download_slot\": \"apify.com\",\n      \"download_latency\": 0.9618930816650391\n    }\n  },\n  \"id\": \"auIsGxmn8xPjDRh\",\n  \"uniqueKey\": \"https://apify.com/apify/puppeteer-scraper\",\n  \"handledAt\": \"2023-09-12 17:31:08.438919+00:00\"\n}",
  "method": "GET",
  "orderNo": null,
  "retryCount": 0,
  "uniqueKey": "https://apify.com/apify/puppeteer-scraper",
  "url": "https://apify.com/apify/puppeteer-scraper"
}