{
  "id": "bhXxey2IYnQcqwk",
  "json": "{\n  \"url\": \"https://apify.com/partners/actor-developers\",\n  \"method\": \"GET\",\n  \"userData\": {\n    \"meta\": {\n      \"depth\": 1,\n      \"download_timeout\": 180.0,\n      \"download_slot\": \"apify.com\",\n      \"download_latency\": 0.9781091213226318\n    }\n  },\n  \"id\": \"bhXxey2IYnQcqwk\",\n  \"uniqueKey\": \"https://apify.com/partners/actor-developers\",\n  \"handledAt\": \"2023-09-12 17:31:07.067221+00:00\"\n}",
  "method": "GET",
  "orderNo": null,
  "retryCount": 0,
  "uniqueKey": "https://apify.com/partners/actor-developers",
  "url": "https://apify.com/partners/actor-developers"
}