{
  "id": "BIiIWjOo5hEJcJl",
  "json": "{\n  \"url\": \"https://apify.com/ideas\",\n  \"method\": \"GET\",\n  \"userData\": {\n    \"meta\": {\n      \"depth\": 1,\n      \"download_timeout\": 180.0,\n      \"download_slot\": \"apify.com\",\n      \"download_latency\": 0.0157928466796875\n    }\n  },\n  \"id\": \"BIiIWjOo5hEJcJl\",\n  \"uniqueKey\": \"https://apify.com/ideas\",\n  \"handledAt\": \"2023-09-12 17:31:06.978701+00:00\"\n}",
  "method": "GET",
  "orderNo": null,
  "retryCount": 0,
  "uniqueKey": "https://apify.com/ideas",
  "url": "https://apify.com/ideas"
}