{
  "id": "D7Inhl171MlqpQm",
  "json": "{\n  \"url\": \"https://apify.com/data-for-generative-ai\",\n  \"method\": \"GET\",\n  \"userData\": {\n    \"meta\": {\n      \"depth\": 1,\n      \"download_timeout\": 180.0,\n      \"download_slot\": \"apify.com\",\n      \"download_latency\": 0.8230960369110107\n    }\n  },\n  \"id\": \"D7Inhl171MlqpQm\",\n  \"uniqueKey\": \"https://apify.com/data-for-generative-ai\",\n  \"handledAt\": \"2023-09-12 17:31:06.878667+00:00\"\n}",
  "method": "GET",
  "orderNo": null,
  "retryCount": 0,
  "uniqueKey": "https://apify.com/data-for-generative-ai",
  "url": "https://apify.com/data-for-generative-ai"
}