{
  "id": "DBGlcLZm8sXbI2z",
  "json": "{\n  \"url\": \"https://apify.com/streamers/youtube-scraper\",\n  \"method\": \"GET\",\n  \"userData\": {\n    \"meta\": {\n      \"depth\": 1,\n      \"download_timeout\": 180.0,\n      \"download_slot\": \"apify.com\",\n      \"download_latency\": 1.2272722721099854\n    }\n  },\n  \"id\": \"DBGlcLZm8sXbI2z\",\n  \"uniqueKey\": \"https://apify.com/streamers/youtube-scraper\",\n  \"handledAt\": \"2023-09-12 17:31:08.685053+00:00\"\n}",
  "method": "GET",
  "orderNo": null,
  "retryCount": 0,
  "uniqueKey": "https://apify.com/streamers/youtube-scraper",
  "url": "https://apify.com/streamers/youtube-scraper"
}