{
  "id": "DEZh1grbFJ9xju5",
  "json": "{\n  \"url\": \"https://docs.apify.com/academy/web-scraping-for-beginners\",\n  \"method\": \"GET\",\n  \"userData\": {\n    \"meta\": {\n      \"depth\": 1,\n      \"download_timeout\": 180.0,\n      \"download_slot\": \"docs.apify.com\",\n      \"download_latency\": 0.012455940246582031\n    }\n  },\n  \"id\": \"DEZh1grbFJ9xju5\",\n  \"uniqueKey\": \"https://docs.apify.com/academy/web-scraping-for-beginners\",\n  \"handledAt\": \"2023-09-12 17:31:06.652856+00:00\"\n}",
  "method": "GET",
  "orderNo": null,
  "retryCount": 0,
  "uniqueKey": "https://docs.apify.com/academy/web-scraping-for-beginners",
  "url": "https://docs.apify.com/academy/web-scraping-for-beginners"
}