{
  "id": "dnHiNrAfdmiREyL",
  "json": "{\n  \"url\": \"https://stackoverflow.com/questions/tagged/apify\",\n  \"method\": \"GET\",\n  \"userData\": {\n    \"meta\": {\n      \"depth\": 1,\n      \"download_timeout\": 180.0,\n      \"download_slot\": \"stackoverflow.com\",\n      \"download_latency\": 0.1781139373779297\n    }\n  },\n  \"id\": \"dnHiNrAfdmiREyL\",\n  \"uniqueKey\": \"https://stackoverflow.com/questions/tagged/apify\",\n  \"handledAt\": \"2023-09-12 17:31:08.205366+00:00\"\n}",
  "method": "GET",
  "orderNo": null,
  "retryCount": 0,
  "uniqueKey": "https://stackoverflow.com/questions/tagged/apify",
  "url": "https://stackoverflow.com/questions/tagged/apify"
}