{
  "id": "Ea8SVDBe60EdZZ9",
  "json": "{\n  \"url\": \"https://apify.com/junglee/amazon-crawler\",\n  \"method\": \"GET\",\n  \"userData\": {\n    \"meta\": {\n      \"depth\": 1,\n      \"download_timeout\": 180.0,\n      \"download_slot\": \"apify.com\",\n      \"download_latency\": 0.7283051013946533,\n      \"redirect_times\": 1,\n      \"redirect_ttl\": 19,\n      \"redirect_urls\": [\n        \"https://apify.com/junglee/Amazon-crawler\"\n      ],\n      \"redirect_reasons\": [\n        308\n      ]\n    }\n  },\n  \"id\": \"Ea8SVDBe60EdZZ9\",\n  \"uniqueKey\": \"https://apify.com/junglee/amazon-crawler\",\n  \"handledAt\": \"2023-09-12 17:31:08.681184+00:00\"\n}",
  "method": "GET",
  "orderNo": null,
  "retryCount": 0,
  "uniqueKey": "https://apify.com/junglee/amazon-crawler",
  "url": "https://apify.com/junglee/amazon-crawler"
}