{
  "id": "eYDRhdkHNXlhMvT",
  "json": "{\n  \"url\": \"https://apify.com/privacy-policy\",\n  \"method\": \"GET\",\n  \"userData\": {\n    \"meta\": {\n      \"depth\": 1,\n      \"download_timeout\": 180.0,\n      \"download_slot\": \"apify.com\",\n      \"download_latency\": 0.01642608642578125\n    }\n  },\n  \"id\": \"eYDRhdkHNXlhMvT\",\n  \"uniqueKey\": \"https://apify.com/privacy-policy\",\n  \"handledAt\": \"2023-09-12 17:31:07.862387+00:00\"\n}",
  "method": "GET",
  "orderNo": null,
  "retryCount": 0,
  "uniqueKey": "https://apify.com/privacy-policy",
  "url": "https://apify.com/privacy-policy"
}