{
  "id": "FLnQ25jzAiTROm5",
  "json": "{\n  \"url\": \"https://consent.youtube.com/ml?continue=https://www.youtube.com/apify?cbrd%3D1&gl=CZ&hl=en&cm=2&pc=yt&src=1\",\n  \"method\": \"GET\",\n  \"userData\": {\n    \"meta\": {\n      \"depth\": 1,\n      \"download_timeout\": 180.0,\n      \"download_slot\": \"www.youtube.com\",\n      \"download_latency\": 0.04266190528869629,\n      \"redirect_times\": 2,\n      \"redirect_ttl\": 18,\n      \"redirect_urls\": [\n        \"https://www.youtube.com/apify\",\n        \"https://consent.youtube.com/m?continue=https%3A%2F%2Fwww.youtube.com%2Fapify%3Fcbrd%3D1&gl=CZ&m=0&pc=yt&cm=2&hl=en&src=1\"\n      ],\n      \"redirect_reasons\": [\n        302,\n        302\n      ]\n    }\n  },\n  \"id\": \"FLnQ25jzAiTROm5\",\n  \"uniqueKey\": \"https://consent.youtube.com/ml?continue=https://www.youtube.com/apify?cbrd%3D1&gl=CZ&hl=en&cm=2&pc=yt&src=1\",\n  \"handledAt\": \"2023-09-12 17:31:08.099695+00:00\"\n}",
  "method": "GET",
  "orderNo": null,
  "retryCount": 0,
  "uniqueKey": "https://consent.youtube.com/ml?continue=https://www.youtube.com/apify?cbrd%3D1&gl=CZ&hl=en&cm=2&pc=yt&src=1",
  "url": "https://consent.youtube.com/ml?continue=https://www.youtube.com/apify?cbrd%3D1&gl=CZ&hl=en&cm=2&pc=yt&src=1"
}