{
  "id": "FMrpSoOD7oiaKk5",
  "json": "{\n  \"url\": \"https://console.apify.com/sign-in\",\n  \"method\": \"GET\",\n  \"userData\": {\n    \"meta\": {\n      \"depth\": 1,\n      \"download_timeout\": 180.0,\n      \"download_slot\": \"console.apify.com\",\n      \"download_latency\": 0.10388588905334473\n    }\n  },\n  \"id\": \"FMrpSoOD7oiaKk5\",\n  \"uniqueKey\": \"https://console.apify.com/sign-in\",\n  \"handledAt\": \"2023-09-12 17:31:07.462884+00:00\"\n}",
  "method": "GET",
  "orderNo": null,
  "retryCount": 0,
  "uniqueKey": "https://console.apify.com/sign-in",
  "url": "https://console.apify.com/sign-in"
}