{
  "id": "Fv0687A6C7E9BCQ",
  "json": "{\n  \"url\": \"https://www.g2.com/products/apify/reviews\",\n  \"method\": \"GET\",\n  \"userData\": {\n    \"meta\": {\n      \"depth\": 1,\n      \"download_timeout\": 180.0,\n      \"download_slot\": \"www.g2.com\",\n      \"download_latency\": 0.02138495445251465\n    }\n  },\n  \"id\": \"Fv0687A6C7E9BCQ\",\n  \"uniqueKey\": \"https://www.g2.com/products/apify/reviews\",\n  \"handledAt\": \"2023-09-12 17:31:07.461092+00:00\"\n}",
  "method": "GET",
  "orderNo": null,
  "retryCount": 0,
  "uniqueKey": "https://www.g2.com/products/apify/reviews",
  "url": "https://www.g2.com/products/apify/reviews"
}