{
  "id": "fvwscO2UJLdr10B",
  "json": "{\n  \"url\": \"https://apify.com\",\n  \"method\": \"GET\",\n  \"userData\": {\n    \"meta\": {\n      \"download_timeout\": 180.0,\n      \"download_slot\": \"apify.com\",\n      \"download_latency\": 0.012285947799682617\n    }\n  },\n  \"id\": \"fvwscO2UJLdr10B\",\n  \"uniqueKey\": \"https://apify.com\",\n  \"handledAt\": \"2023-09-12 17:31:05.851615+00:00\"\n}",
  "method": "GET",
  "orderNo": null,
  "retryCount": 0,
  "uniqueKey": "https://apify.com",
  "url": "https://apify.com"
}