{
  "id": "g6nxmgOK5uiUMTe",
  "json": "{\n  \"url\": \"https://apify.com/templates\",\n  \"method\": \"GET\",\n  \"userData\": {\n    \"meta\": {\n      \"depth\": 1,\n      \"download_timeout\": 180.0,\n      \"download_slot\": \"apify.com\",\n      \"download_latency\": 0.08017611503601074\n    }\n  },\n  \"id\": \"g6nxmgOK5uiUMTe\",\n  \"uniqueKey\": \"https://apify.com/templates\",\n  \"handledAt\": \"2023-09-12 17:31:06.069987+00:00\"\n}",
  "method": "GET",
  "orderNo": null,
  "retryCount": 0,
  "uniqueKey": "https://apify.com/templates",
  "url": "https://apify.com/templates"
}