{
  "id": "GuBBrtqouVBOdrl",
  "json": "{\n  \"url\": \"https://apify.com/integrations\",\n  \"method\": \"GET\",\n  \"userData\": {\n    \"meta\": {\n      \"depth\": 1,\n      \"download_timeout\": 180.0,\n      \"download_slot\": \"apify.com\",\n      \"download_latency\": 0.8542361259460449\n    }\n  },\n  \"id\": \"GuBBrtqouVBOdrl\",\n  \"uniqueKey\": \"https://apify.com/integrations\",\n  \"handledAt\": \"2023-09-12 17:31:06.937149+00:00\"\n}",
  "method": "GET",
  "orderNo": null,
  "retryCount": 0,
  "uniqueKey": "https://apify.com/integrations",
  "url": "https://apify.com/integrations"
}