{
  "id": "GV72MRih2N7Za7K",
  "json": "{\n  \"url\": \"https://apify.com/store\",\n  \"method\": \"GET\",\n  \"userData\": {\n    \"meta\": {\n      \"depth\": 1,\n      \"download_timeout\": 180.0,\n      \"download_slot\": \"apify.com\",\n      \"download_latency\": 0.4527921676635742\n    }\n  },\n  \"id\": \"GV72MRih2N7Za7K\",\n  \"uniqueKey\": \"https://apify.com/store\",\n  \"handledAt\": \"2023-09-12 17:31:06.519446+00:00\"\n}",
  "method": "GET",
  "orderNo": null,
  "retryCount": 0,
  "uniqueKey": "https://apify.com/store",
  "url": "https://apify.com/store"
}