{
  "id": "gZnhMlHFISIsM1g",
  "json": "{\n  \"url\": \"https://blog.apify.com/\",\n  \"method\": \"GET\",\n  \"userData\": {\n    \"meta\": {\n      \"depth\": 1,\n      \"download_timeout\": 180.0,\n      \"download_slot\": \"blog.apify.com\",\n      \"download_latency\": 0.019302845001220703\n    }\n  },\n  \"id\": \"gZnhMlHFISIsM1g\",\n  \"uniqueKey\": \"https://blog.apify.com/\",\n  \"handledAt\": \"2023-09-12 17:31:06.665528+00:00\"\n}",
  "method": "GET",
  "orderNo": null,
  "retryCount": 0,
  "uniqueKey": "https://blog.apify.com/",
  "url": "https://blog.apify.com/"
}