{
  "id": "ICNmyVMsHUiSATU",
  "json": "{\n  \"url\": \"https://apify.com/quacker/twitter-scraper\",\n  \"method\": \"GET\",\n  \"userData\": {\n    \"meta\": {\n      \"depth\": 1,\n      \"download_timeout\": 180.0,\n      \"download_slot\": \"apify.com\",\n      \"download_latency\": 0.46624302864074707\n    }\n  },\n  \"id\": \"ICNmyVMsHUiSATU\",\n  \"uniqueKey\": \"https://apify.com/quacker/twitter-scraper\",\n  \"handledAt\": \"2023-09-12 17:31:07.893901+00:00\"\n}",
  "method": "GET",
  "orderNo": null,
  "retryCount": 0,
  "uniqueKey": "https://apify.com/quacker/twitter-scraper",
  "url": "https://apify.com/quacker/twitter-scraper"
}