{
  "id": "IoyDaOMbl5kl1IA",
  "json": "{\n  \"url\": \"https://console.apify.com\",\n  \"method\": \"GET\",\n  \"userData\": {\n    \"meta\": {\n      \"depth\": 1,\n      \"download_timeout\": 180.0,\n      \"download_slot\": \"console.apify.com\",\n      \"download_latency\": 0.10328507423400879\n    }\n  },\n  \"id\": \"IoyDaOMbl5kl1IA\",\n  \"uniqueKey\": \"https://console.apify.com\",\n  \"handledAt\": \"2023-09-12 17:31:07.656879+00:00\"\n}",
  "method": "GET",
  "orderNo": null,
  "retryCount": 0,
  "uniqueKey": "https://console.apify.com",
  "url": "https://console.apify.com"
}