{
  "id": "IrqcuztUMwiTkLg",
  "json": "{\n  \"url\": \"https://apify.com/apify/cheerio-scraper\",\n  \"method\": \"GET\",\n  \"userData\": {\n    \"meta\": {\n      \"depth\": 1,\n      \"download_timeout\": 180.0,\n      \"download_slot\": \"apify.com\",\n      \"download_latency\": 1.64870285987854\n    }\n  },\n  \"id\": \"IrqcuztUMwiTkLg\",\n  \"uniqueKey\": \"https://apify.com/apify/cheerio-scraper\",\n  \"handledAt\": \"2023-09-12 17:31:08.822252+00:00\"\n}",
  "method": "GET",
  "orderNo": null,
  "retryCount": 0,
  "uniqueKey": "https://apify.com/apify/cheerio-scraper",
  "url": "https://apify.com/apify/cheerio-scraper"
}