{
  "id": "K5B1JfdbbFZRJn7",
  "json": "{\n  \"url\": \"https://apify.com/enterprise#form\",\n  \"method\": \"GET\",\n  \"userData\": {\n    \"meta\": {\n      \"depth\": 1,\n      \"download_timeout\": 180.0,\n      \"download_slot\": \"apify.com\",\n      \"download_latency\": 0.015039920806884766\n    }\n  },\n  \"id\": \"K5B1JfdbbFZRJn7\",\n  \"uniqueKey\": \"https://apify.com/enterprise#form\",\n  \"handledAt\": \"2023-09-12 17:31:07.706360+00:00\"\n}",
  "method": "GET",
  "orderNo": null,
  "retryCount": 0,
  "uniqueKey": "https://apify.com/enterprise#form",
  "url": "https://apify.com/enterprise#form"
}