{
  "id": "KC8SfuPWd3TwGsG",
  "json": "{\n  \"url\": \"https://apify.com/use-cases\",\n  \"method\": \"GET\",\n  \"userData\": {\n    \"meta\": {\n      \"depth\": 1,\n      \"download_timeout\": 180.0,\n      \"download_slot\": \"apify.com\",\n      \"download_latency\": 0.6865530014038086\n    }\n  },\n  \"id\": \"KC8SfuPWd3TwGsG\",\n  \"uniqueKey\": \"https://apify.com/use-cases\",\n  \"handledAt\": \"2023-09-12 17:31:07.685726+00:00\"\n}",
  "method": "GET",
  "orderNo": null,
  "retryCount": 0,
  "uniqueKey": "https://apify.com/use-cases",
  "url": "https://apify.com/use-cases"
}