{
  "id": "kZTBwguDsduiNVq",
  "json": "{\n  \"url\": \"https://console.apify.com/sign-up\",\n  \"method\": \"GET\",\n  \"userData\": {\n    \"meta\": {\n      \"depth\": 1,\n      \"download_timeout\": 180.0,\n      \"download_slot\": \"console.apify.com\",\n      \"download_latency\": 0.4182760715484619\n    }\n  },\n  \"id\": \"kZTBwguDsduiNVq\",\n  \"uniqueKey\": \"https://console.apify.com/sign-up\",\n  \"handledAt\": \"2023-09-12 17:31:07.811596+00:00\"\n}",
  "method": "GET",
  "orderNo": null,
  "retryCount": 0,
  "uniqueKey": "https://console.apify.com/sign-up",
  "url": "https://console.apify.com/sign-up"
}