{
  "id": "lccfgpCrM7gII74",
  "json": "{\n  \"url\": \"https://apify.com/partners\",\n  \"method\": \"GET\",\n  \"userData\": {\n    \"meta\": {\n      \"depth\": 1,\n      \"download_timeout\": 180.0,\n      \"download_slot\": \"apify.com\",\n      \"download_latency\": 0.913769006729126\n    }\n  },\n  \"id\": \"lccfgpCrM7gII74\",\n  \"uniqueKey\": \"https://apify.com/partners\",\n  \"handledAt\": \"2023-09-12 17:31:06.984380+00:00\"\n}",
  "method": "GET",
  "orderNo": null,
  "retryCount": 0,
  "uniqueKey": "https://apify.com/partners",
  "url": "https://apify.com/partners"
}