{
  "id": "m5nA6nN1goJGaNr",
  "json": "{\n  \"url\": \"https://apify.com/success-stories\",\n  \"method\": \"GET\",\n  \"userData\": {\n    \"meta\": {\n      \"depth\": 1,\n      \"download_timeout\": 180.0,\n      \"download_slot\": \"apify.com\",\n      \"download_latency\": 0.6311461925506592\n    }\n  },\n  \"id\": \"m5nA6nN1goJGaNr\",\n  \"uniqueKey\": \"https://apify.com/success-stories\",\n  \"handledAt\": \"2023-09-12 17:31:07.661278+00:00\"\n}",
  "method": "GET",
  "orderNo": null,
  "retryCount": 0,
  "uniqueKey": "https://apify.com/success-stories",
  "url": "https://apify.com/success-stories"
}