{
  "id": "Mlfpox058HzW7t2",
  "json": "{\n  \"url\": \"https://apify.com/actors\",\n  \"method\": \"GET\",\n  \"userData\": {\n    \"meta\": {\n      \"depth\": 1,\n      \"download_timeout\": 180.0,\n      \"download_slot\": \"apify.com\",\n      \"download_latency\": 0.9115509986877441\n    }\n  },\n  \"id\": \"Mlfpox058HzW7t2\",\n  \"uniqueKey\": \"https://apify.com/actors\",\n  \"handledAt\": \"2023-09-12 17:31:06.906584+00:00\"\n}",
  "method": "GET",
  "orderNo": null,
  "retryCount": 0,
  "uniqueKey": "https://apify.com/actors",
  "url": "https://apify.com/actors"
}