{
  "id": "nUUgCc5zC9sGq1P",
  "json": "{\n  \"url\": \"https://apify.com/junglee/Amazon-crawler\",\n  \"method\": \"GET\",\n  \"userData\": {\n    \"meta\": {\n      \"depth\": 1,\n      \"download_timeout\": 180.0,\n      \"download_slot\": \"apify.com\",\n      \"download_latency\": 0.015799999237060547\n    }\n  },\n  \"id\": \"nUUgCc5zC9sGq1P\",\n  \"uniqueKey\": \"https://apify.com/junglee/Amazon-crawler\",\n  \"handledAt\": \"2023-09-12 17:31:07.083313+00:00\"\n}",
  "method": "GET",
  "orderNo": null,
  "retryCount": 0,
  "uniqueKey": "https://apify.com/junglee/Amazon-crawler",
  "url": "https://apify.com/junglee/Amazon-crawler"
}