{
  "id": "pSDkuNDmsb65Jk6",
  "json": "{\n  \"url\": \"https://www.linkedin.com/company/apifytech/\",\n  \"method\": \"GET\",\n  \"userData\": {\n    \"meta\": {\n      \"depth\": 1\n    }\n  },\n  \"id\": \"pSDkuNDmsb65Jk6\",\n  \"uniqueKey\": \"https://www.linkedin.com/company/apifytech/\",\n  \"handledAt\": \"2023-09-12 17:31:08.023073+00:00\"\n}",
  "method": "GET",
  "orderNo": null,
  "retryCount": 0,
  "uniqueKey": "https://www.linkedin.com/company/apifytech/",
  "url": "https://www.linkedin.com/company/apifytech/"
}