{
  "id": "rBegwJuxJxxcM2a",
  "json": "{\n  \"url\": \"https://help.apify.com/en/\",\n  \"method\": \"GET\",\n  \"userData\": {\n    \"meta\": {\n      \"depth\": 1,\n      \"download_timeout\": 180.0,\n      \"download_slot\": \"help.apify.com\",\n      \"download_latency\": 0.5986082553863525,\n      \"redirect_times\": 1,\n      \"redirect_ttl\": 19,\n      \"redirect_urls\": [\n        \"https://help.apify.com\"\n      ],\n      \"redirect_reasons\": [\n        302\n      ]\n    }\n  },\n  \"id\": \"rBegwJuxJxxcM2a\",\n  \"uniqueKey\": \"https://help.apify.com/en/\",\n  \"handledAt\": \"2023-09-12 17:31:08.465786+00:00\"\n}",
  "method": "GET",
  "orderNo": null,
  "retryCount": 0,
  "uniqueKey": "https://help.apify.com/en/",
  "url": "https://help.apify.com/en/"
}