{
  "id": "rDs1zkIInSDp5Gw",
  "json": "{\n  \"url\": \"https://apify.com/terms-of-use\",\n  \"method\": \"GET\",\n  \"userData\": {\n    \"meta\": {\n      \"depth\": 1,\n      \"download_timeout\": 180.0,\n      \"download_slot\": \"apify.com\",\n      \"download_latency\": 0.012038230895996094\n    }\n  },\n  \"id\": \"rDs1zkIInSDp5Gw\",\n  \"uniqueKey\": \"https://apify.com/terms-of-use\",\n  \"handledAt\": \"2023-09-12 17:31:07.845460+00:00\"\n}",
  "method": "GET",
  "orderNo": null,
  "retryCount": 0,
  "uniqueKey": "https://apify.com/terms-of-use",
  "url": "https://apify.com/terms-of-use"
}