{
  "id": "RRDD7nu9FFwo58S",
  "json": "{\n  \"url\": \"https://apify.com/pricing\",\n  \"method\": \"GET\",\n  \"userData\": {\n    \"meta\": {\n      \"depth\": 1,\n      \"download_timeout\": 180.0,\n      \"download_slot\": \"apify.com\",\n      \"download_latency\": 0.01900625228881836\n    }\n  },\n  \"id\": \"RRDD7nu9FFwo58S\",\n  \"uniqueKey\": \"https://apify.com/pricing\",\n  \"handledAt\": \"2023-09-12 17:31:07.005542+00:00\"\n}",
  "method": "GET",
  "orderNo": null,
  "retryCount": 0,
  "uniqueKey": "https://apify.com/pricing",
  "url": "https://apify.com/pricing"
}