{
  "id": "SeDYJT9SCmfkYz0",
  "json": "{\n  \"url\": \"https://www.trustradius.com/products/apify/reviews\",\n  \"method\": \"GET\",\n  \"userData\": {\n    \"meta\": {\n      \"depth\": 1,\n      \"download_timeout\": 180.0,\n      \"download_slot\": \"www.trustradius.com\",\n      \"download_latency\": 0.03786015510559082\n    }\n  },\n  \"id\": \"SeDYJT9SCmfkYz0\",\n  \"uniqueKey\": \"https://www.trustradius.com/products/apify/reviews\",\n  \"handledAt\": \"2023-09-12 17:31:07.606981+00:00\"\n}",
  "method": "GET",
  "orderNo": null,
  "retryCount": 0,
  "uniqueKey": "https://www.trustradius.com/products/apify/reviews",
  "url": "https://www.trustradius.com/products/apify/reviews"
}