{
  "id": "SPFQfN03zuy8XZz",
  "json": "{\n  \"url\": \"https://apify.com/store/scrapers/universal-web-scrapers\",\n  \"method\": \"GET\",\n  \"userData\": {\n    \"meta\": {\n      \"depth\": 1,\n      \"download_timeout\": 180.0,\n      \"download_slot\": \"apify.com\",\n      \"download_latency\": 0.4098238945007324\n    }\n  },\n  \"id\": \"SPFQfN03zuy8XZz\",\n  \"uniqueKey\": \"https://apify.com/store/scrapers/universal-web-scrapers\",\n  \"handledAt\": \"2023-09-12 17:31:07.380580+00:00\"\n}",
  "method": "GET",
  "orderNo": null,
  "retryCount": 0,
  "uniqueKey": "https://apify.com/store/scrapers/universal-web-scrapers",
  "url": "https://apify.com/store/scrapers/universal-web-scrapers"
}