{
  "id": "spt0Lctg3JIHICK",
  "json": "{\n  \"url\": \"https://docs.apify.com\",\n  \"method\": \"GET\",\n  \"userData\": {\n    \"meta\": {\n      \"depth\": 1,\n      \"download_timeout\": 180.0,\n      \"download_slot\": \"docs.apify.com\",\n      \"download_latency\": 0.013065099716186523\n    }\n  },\n  \"id\": \"spt0Lctg3JIHICK\",\n  \"uniqueKey\": \"https://docs.apify.com\",\n  \"handledAt\": \"2023-09-12 17:31:06.755902+00:00\"\n}",
  "method": "GET",
  "orderNo": null,
  "retryCount": 0,
  "uniqueKey": "https://docs.apify.com",
  "url": "https://docs.apify.com"
}