{
  "id": "T9MnQzBD8qb3uxl",
  "json": "{\n  \"url\": \"https://apify.com/dtrungtin/booking-scraper\",\n  \"method\": \"GET\",\n  \"userData\": {\n    \"meta\": {\n      \"depth\": 1,\n      \"download_timeout\": 180.0,\n      \"download_slot\": \"apify.com\",\n      \"download_latency\": 0.9827520847320557\n    }\n  },\n  \"id\": \"T9MnQzBD8qb3uxl\",\n  \"uniqueKey\": \"https://apify.com/dtrungtin/booking-scraper\",\n  \"handledAt\": \"2023-09-12 17:31:08.645222+00:00\"\n}",
  "method": "GET",
  "orderNo": null,
  "retryCount": 0,
  "uniqueKey": "https://apify.com/dtrungtin/booking-scraper",
  "url": "https://apify.com/dtrungtin/booking-scraper"
}