{
  "id": "um07mLOdBU1QcS2",
  "json": "{\n  \"url\": \"https://docs.apify.com/academy/apify-platform\",\n  \"method\": \"GET\",\n  \"userData\": {\n    \"meta\": {\n      \"depth\": 1,\n      \"download_timeout\": 180.0,\n      \"download_slot\": \"docs.apify.com\",\n      \"download_latency\": 0.015458106994628906\n    }\n  },\n  \"id\": \"um07mLOdBU1QcS2\",\n  \"uniqueKey\": \"https://docs.apify.com/academy/apify-platform\",\n  \"handledAt\": \"2023-09-12 17:31:06.671725+00:00\"\n}",
  "method": "GET",
  "orderNo": null,
  "retryCount": 0,
  "uniqueKey": "https://docs.apify.com/academy/apify-platform",
  "url": "https://docs.apify.com/academy/apify-platform"
}