{
  "id": "UNkCuwyOlRnz0sL",
  "json": "{\n  \"url\": \"https://apify.com/cookie-policy\",\n  \"method\": \"GET\",\n  \"userData\": {\n    \"meta\": {\n      \"depth\": 1,\n      \"download_timeout\": 180.0,\n      \"download_slot\": \"apify.com\",\n      \"download_latency\": 0.015420913696289062\n    }\n  },\n  \"id\": \"UNkCuwyOlRnz0sL\",\n  \"uniqueKey\": \"https://apify.com/cookie-policy\",\n  \"handledAt\": \"2023-09-12 17:31:07.878618+00:00\"\n}",
  "method": "GET",
  "orderNo": null,
  "retryCount": 0,
  "uniqueKey": "https://apify.com/cookie-policy",
  "url": "https://apify.com/cookie-policy"
}