{
  "id": "vI9im1UQoYxacBI",
  "json": "{\n  \"url\": \"https://apify.com/proxy\",\n  \"method\": \"GET\",\n  \"userData\": {\n    \"meta\": {\n      \"depth\": 1,\n      \"download_timeout\": 180.0,\n      \"download_slot\": \"apify.com\",\n      \"download_latency\": 0.9099719524383545\n    }\n  },\n  \"id\": \"vI9im1UQoYxacBI\",\n  \"uniqueKey\": \"https://apify.com/proxy\",\n  \"handledAt\": \"2023-09-12 17:31:06.999599+00:00\"\n}",
  "method": "GET",
  "orderNo": null,
  "retryCount": 0,
  "uniqueKey": "https://apify.com/proxy",
  "url": "https://apify.com/proxy"
}