{
  "id": "VTQNYgzAlw6NUUV",
  "json": "{\n  \"url\": \"https://help.apify.com\",\n  \"method\": \"GET\",\n  \"userData\": {\n    \"meta\": {\n      \"depth\": 1,\n      \"download_timeout\": 180.0,\n      \"download_slot\": \"help.apify.com\",\n      \"download_latency\": 0.570796012878418\n    }\n  },\n  \"id\": \"VTQNYgzAlw6NUUV\",\n  \"uniqueKey\": \"https://help.apify.com\",\n  \"handledAt\": \"2023-09-12 17:31:07.196496+00:00\"\n}",
  "method": "GET",
  "orderNo": null,
  "retryCount": 0,
  "uniqueKey": "https://help.apify.com",
  "url": "https://help.apify.com"
}