{
  "id": "WcXCsZllKrjwnq5",
  "json": "{\n  \"url\": \"https://apify.com/\",\n  \"method\": \"GET\",\n  \"userData\": {\n    \"meta\": {\n      \"depth\": 1,\n      \"download_timeout\": 180.0,\n      \"download_slot\": \"apify.com\",\n      \"download_latency\": 0.09115791320800781\n    }\n  },\n  \"id\": \"WcXCsZllKrjwnq5\",\n  \"uniqueKey\": \"https://apify.com/\",\n  \"handledAt\": \"2023-09-12 17:31:06.066002+00:00\"\n}",
  "method": "GET",
  "orderNo": null,
  "retryCount": 0,
  "uniqueKey": "https://apify.com/",
  "url": "https://apify.com/"
}