{
  "id": "Y3Lm5ceJi5ySbOM",
  "json": "{\n  \"url\": \"https://apify.com/apify/web-scraper\",\n  \"method\": \"GET\",\n  \"userData\": {\n    \"meta\": {\n      \"depth\": 1,\n      \"download_timeout\": 180.0,\n      \"download_slot\": \"apify.com\",\n      \"download_latency\": 1.3597748279571533\n    }\n  },\n  \"id\": \"Y3Lm5ceJi5ySbOM\",\n  \"uniqueKey\": \"https://apify.com/apify/web-scraper\",\n  \"handledAt\": \"2023-09-12 17:31:08.435767+00:00\"\n}",
  "method": "GET",
  "orderNo": null,
  "retryCount": 0,
  "uniqueKey": "https://apify.com/apify/web-scraper",
  "url": "https://apify.com/apify/web-scraper"
}