{
  "id": "yre0yo59WsRvJTS",
  "json": "{\n  \"url\": \"https://docs.apify.com/cli/\",\n  \"method\": \"GET\",\n  \"userData\": {\n    \"meta\": {\n      \"depth\": 1,\n      \"download_timeout\": 180.0,\n      \"download_slot\": \"docs.apify.com\",\n      \"download_latency\": 0.014148950576782227,\n      \"redirect_times\": 1,\n      \"redirect_ttl\": 19,\n      \"redirect_urls\": [\n        \"https://docs.apify.com/cli\"\n      ],\n      \"redirect_reasons\": [\n        302\n      ]\n    }\n  },\n  \"id\": \"yre0yo59WsRvJTS\",\n  \"uniqueKey\": \"https://docs.apify.com/cli/\",\n  \"handledAt\": \"2023-09-12 17:31:07.864761+00:00\"\n}",
  "method": "GET",
  "orderNo": null,
  "retryCount": 0,
  "uniqueKey": "https://docs.apify.com/cli/",
  "url": "https://docs.apify.com/cli/"
}