{
  "id": "Z7TuwK0lLSVY52c",
  "json": "{\n  \"url\": \"https://apify.com/compass/crawler-google-places\",\n  \"method\": \"GET\",\n  \"userData\": {\n    \"meta\": {\n      \"depth\": 1,\n      \"download_timeout\": 180.0,\n      \"download_slot\": \"apify.com\",\n      \"download_latency\": 0.9415848255157471\n    }\n  },\n  \"id\": \"Z7TuwK0lLSVY52c\",\n  \"uniqueKey\": \"https://apify.com/compass/crawler-google-places\",\n  \"handledAt\": \"2023-09-12 17:31:08.131053+00:00\"\n}",
  "method": "GET",
  "orderNo": null,
  "retryCount": 0,
  "uniqueKey": "https://apify.com/compass/crawler-google-places",
  "url": "https://apify.com/compass/crawler-google-places"
}