{
  "id": "zgjNRDQrK3H3b0R",
  "json": "{\n  \"url\": \"https://crozdesk.com/it/platform-as-a-service-paas/apify\",\n  \"method\": \"GET\",\n  \"userData\": {\n    \"meta\": {\n      \"depth\": 1,\n      \"download_timeout\": 180.0,\n      \"download_slot\": \"crozdesk.com\",\n      \"download_latency\": 0.014571905136108398\n    }\n  },\n  \"id\": \"zgjNRDQrK3H3b0R\",\n  \"uniqueKey\": \"https://crozdesk.com/it/platform-as-a-service-paas/apify\",\n  \"handledAt\": \"2023-09-12 17:31:07.550980+00:00\"\n}",
  "method": "GET",
  "orderNo": null,
  "retryCount": 0,
  "uniqueKey": "https://crozdesk.com/it/platform-as-a-service-paas/apify",
  "url": "https://crozdesk.com/it/platform-as-a-service-paas/apify"
}