{
  "id": "ZO1dPlz4F133qZO",
  "json": "{\n  \"url\": \"https://docs.apify.com/cli\",\n  \"method\": \"GET\",\n  \"userData\": {\n    \"meta\": {\n      \"depth\": 1,\n      \"download_timeout\": 180.0,\n      \"download_slot\": \"docs.apify.com\",\n      \"download_latency\": 0.0109100341796875\n    }\n  },\n  \"id\": \"ZO1dPlz4F133qZO\",\n  \"uniqueKey\": \"https://docs.apify.com/cli\",\n  \"handledAt\": \"2023-09-12 17:31:06.097396+00:00\"\n}",
  "method": "GET",
  "orderNo": null,
  "retryCount": 0,
  "uniqueKey": "https://docs.apify.com/cli",
  "url": "https://docs.apify.com/cli"
}