{
  "id": "zVk8Mcf7CTISrG4",
  "json": "{\n  \"url\": \"https://apify.com/about\",\n  \"method\": \"GET\",\n  \"userData\": {\n    \"meta\": {\n      \"depth\": 1,\n      \"download_timeout\": 180.0,\n      \"download_slot\": \"apify.com\",\n      \"download_latency\": 0.4351820945739746\n    }\n  },\n  \"id\": \"zVk8Mcf7CTISrG4\",\n  \"uniqueKey\": \"https://apify.com/about\",\n  \"handledAt\": \"2023-09-12 17:31:07.414610+00:00\"\n}",
  "method": "GET",
  "orderNo": null,
  "retryCount": 0,
  "uniqueKey": "https://apify.com/about",
  "url": "https://apify.com/about"
}