{
    "actorSpecification": 1,
    "name": "project-cheerio-crawler-typescript",
    "title": "Project Cheerio Crawler Typescript",
    "description": "Crawlee and Cheerio project in typescript.",
    "version": "0.0",
    "buildTag": "latest",
    "meta": {
        "templateId": "ts-crawlee-cheerio",
        "generatedBy": "<FILL-IN-MODEL>"
    },
    "input": "./input_schema.json",
    "output": "./output_schema.json",
    "storages": {
        "dataset": "./dataset_schema.json"
    },
    "dockerfile": "../Dockerfile"
}
