{
    "actorSpecification": 1,
    "name": "python-mcp-empty",
    "title": "Python MCP Server",
    "description": "Python Model Context Protocol (MCP) server using FastMCP.",
    "version": "0.0",
    "buildTag": "latest",
    "usesStandbyMode": true,
    "meta": {
        "templateId": "python-mcp-empty",
        "generatedBy": "<FILL-IN-MODEL>"
    },
    "input": {
        "title": "Actor input schema",
        "description": "This is Actor input schema",
        "type": "object",
        "schemaVersion": 1,
        "properties": {},
        "required": []
    },
    "dockerfile": "../Dockerfile",
    "webServerMcpPath": "/mcp"
}
