{
    "actorSpecification": 1,
    "name": "getting-started-actor",
    "title": "Getting Started Actor",
    "description": "Adds two integers.",
    "version": "0.0",
    "input": "./input-schema.json",
    "readme": "./README.md",
    "dockefile": "./Dockerfile",
    "storages": {
        "dataset": {
            "actorSpecification": 1,
            "title": "Numbers and their sums",
            "views": {
                "sums": {
                    "title": "A sum of two numbers",
                    "transformation": {
                        "fields": [
                            "sum",
                            "firstNumber",
                            "secondNumber"
                        ]
                    },
                    "display": {
                        "component": "table",                        
                        "properties": {
                            "sum": {
                                "label": "Sum",
                                "format": "number"
                            },
                            "firstNumber": {
                                "label": "First number",
                                "format": "number"
                            },
                            "secondNumber": {
                                "label": "Second number",
                                "format": "number"
                            }
                        }
                    }
                }
            }
        }
    }
}
