{
    "actorSpecification": 1,
    "name": "getting-started-actor",
    "title": "Getting Started Actor",
    "description": "Adds two integers.",
    "version": "0.0.1",
    "storages": {
        "dataset": {
            "actorSpecification": 1,
            "title": "Numbers and their sums",
            "views": {
                "sums": {
                    "title": "A sum of two numbers",
                    "transformation": {
                        "fields": [
                            "sum",
                            "firstNumber",
                            "secondNumber"
                        ]
                    },
                    "display": {
                        "component": "table",
                        "display": {
                            "component": "table",
                            "properties": {
                                "sum": {
                                    "label": "Sum",
                                    "format": "number"
                                },
                                "firstNumber": {
                                    "label": "First number",
                                    "format": "number"
                                },
                                "secondNumber": {
                                    "label": "Second number",
                                    "format": "number"
                                }
                            }
                        }
                    }
                }
            }
        }
    }
}
