{
    "actorSpecification": 1,
    "name": "project-playwright-camoufox-crawler-typescript",
    "title": "Camoufox Playwright Crawler TypeScript",
    "description": "Crawlee and Playwright project with Camoufox in TypeScript.",
    "version": "0.0",
    "meta": {
        "templateId": "ts-crawlee-playwright-camoufox",
        "model": "<FILL-IN-MODEL>"
    },
    "input": "./input_schema.json",
    "output": "./output_schema.json",
    "storages": {
        "dataset": "./dataset_schema.json"
    },
    "dockerfile": "../Dockerfile"
}
