{
    "actorSpecification": 1,
    "views": {
        "overview": {
            "title": "Overview",
            "transformation": {
                "fields": ["query", "response"]
            },
            "display": {
                "component": "table",
                "properties": {
                    "query": {
                        "label": "Query",
                        "format": "text"
                    },
                    "response": {
                        "label": "Response",
                        "format": "text"
                    }
                }
            }
        }
    }
}
