{
	"status": "finished",
	"startedTestsAt": "2023-03-08T08:56:04.803Z",
	"endedTestsAt": "2023-03-08T08:56:07.569Z",
	"totalDuration": 2766,
	"totalSuites": 1,
	"totalTests": 1,
	"totalPassed": 1,
	"totalPending": 0,
	"totalFailed": 0,
	"totalSkipped": 0,
	"runs": [
		{
			"stats": {
				"suites": 1,
				"tests": 1,
				"passes": 1,
				"pending": 0,
				"skipped": 0,
				"failures": 0,
				"duration": 2766,
				"startedAt": "2023-03-08T08:56:04.803Z",
				"endedAt": "2023-03-08T08:56:07.569Z"
			},
			"reporter": "spec",
			"reporterStats": {
				"suites": 1,
				"tests": 1,
				"passes": 1,
				"pending": 0,
				"failures": 0,
				"start": "2023-03-08T08:56:04.805Z",
				"end": "2023-03-08T08:56:07.572Z",
				"duration": 2767
			},
			"hooks": [],
			"tests": [
				{
					"title": [
						"second tests suite",
						"visit apify store"
					],
					"state": "passed",
					"body": "() => {\n    cy.visit('https://apify.com/store');\n    cy.log('Visiting Apify Store');\n    cy.contains('h5', 'Web Scraper').should('exist');\n    // todo test more?\n  }",
					"displayError": null,
					"attempts": [
						{
							"state": "passed",
							"error": null,
							"videoTimestamp": 2874,
							"duration": 1389,
							"startedAt": "2023-03-08T08:56:06.178Z",
							"screenshots": []
						}
					]
				}
			],
			"error": null,
			"video": "/Users/kata/Documents/apify-dev/actor-templates/templates/js-cypress/cypress/videos/second-spec.cy.js.mp4",
			"spec": {
				"fileExtension": ".js",
				"baseName": "second-spec.cy.js",
				"fileName": "second-spec",
				"specFileExtension": ".cy.js",
				"relativeToCommonRoot": "second-spec.cy.js",
				"specType": "integration",
				"name": "cypress/e2e/second-spec.cy.js",
				"relative": "cypress/e2e/second-spec.cy.js",
				"absolute": "/Users/kata/Documents/apify-dev/actor-templates/templates/js-cypress/cypress/e2e/second-spec.cy.js"
			},
			"shouldUploadVideo": true
		}
	],
	"browserPath": "",
	"browserName": "electron",
	"browserVersion": "106.0.5249.51",
	"osName": "darwin",
	"osVersion": "21.2.0",
	"cypressVersion": "12.7.0",
	"config": {
		"setupNodeEvents": "[Function setupNodeEvents]",
		"projectRoot": "/Users/kata/Documents/apify-dev/actor-templates/templates/js-cypress",
		"projectName": "js-cypress",
		"repoRoot": "/Users/kata/Documents/apify-dev/actor-templates",
		"rawJson": {
			"e2e": {
				"setupNodeEvents": "[Function setupNodeEvents]"
			},
			"setupNodeEvents": "[Function setupNodeEvents]",
			"envFile": {},
			"projectRoot": "/Users/kata/Documents/apify-dev/actor-templates/templates/js-cypress",
			"projectName": "js-cypress",
			"repoRoot": "/Users/kata/Documents/apify-dev/actor-templates"
		},
		"configFile": "cypress.config.js",
		"morgan": false,
		"isTextTerminal": true,
		"socketId": "laiv2th5ut",
		"report": true,
		"defaultCommandTimeout": 30000,
		"video": true,
		"viewportHeight": 1200,
		"viewportWidth": 1400,
		"animationDistanceThreshold": 5,
		"arch": "arm64",
		"baseUrl": null,
		"blockHosts": null,
		"chromeWebSecurity": true,
		"clientCertificates": [],
		"downloadsFolder": "/Users/kata/Documents/apify-dev/actor-templates/templates/js-cypress/cypress/downloads",
		"env": {},
		"execTimeout": 60000,
		"experimentalFetchPolyfill": false,
		"experimentalInteractiveRunEvents": false,
		"experimentalRunAllSpecs": false,
		"experimentalMemoryManagement": false,
		"experimentalModifyObstructiveThirdPartyCode": false,
		"experimentalSkipDomainInjection": null,
		"experimentalOriginDependencies": false,
		"experimentalSourceRewriting": false,
		"experimentalSingleTabRunMode": false,
		"experimentalStudio": false,
		"experimentalWebKitSupport": false,
		"fileServerFolder": "/Users/kata/Documents/apify-dev/actor-templates/templates/js-cypress",
		"fixturesFolder": "/Users/kata/Documents/apify-dev/actor-templates/templates/js-cypress/cypress/fixtures",
		"excludeSpecPattern": "*.hot-update.js",
		"includeShadowDom": false,
		"keystrokeDelay": 0,
		"modifyObstructiveCode": true,
		"numTestsKeptInMemory": 0,
		"platform": "darwin",
		"pageLoadTimeout": 60000,
		"port": 60034,
		"projectId": null,
		"redirectionLimit": 20,
		"reporter": "spec",
		"reporterOptions": null,
		"requestTimeout": 5000,
		"resolvedNodePath": "/Users/kata/.nvm/versions/node/v16.14.0/bin/node",
		"resolvedNodeVersion": "16.14.0",
		"responseTimeout": 30000,
		"retries": {
			"runMode": 0,
			"openMode": 0
		},
		"screenshotOnRunFailure": true,
		"screenshotsFolder": "/Users/kata/Documents/apify-dev/actor-templates/templates/js-cypress/cypress/screenshots",
		"slowTestThreshold": 10000,
		"scrollBehavior": "top",
		"supportFile": "/Users/kata/Documents/apify-dev/actor-templates/templates/js-cypress/cypress/support/e2e.js",
		"supportFolder": "/Users/kata/Documents/apify-dev/actor-templates/templates/js-cypress/cypress/support",
		"taskTimeout": 60000,
		"testIsolation": true,
		"trashAssetsBeforeRuns": true,
		"userAgent": null,
		"videoCompression": 32,
		"videosFolder": "/Users/kata/Documents/apify-dev/actor-templates/templates/js-cypress/cypress/videos",
		"videoUploadOnPasses": true,
		"waitForAnimations": true,
		"watchForFileChanges": false,
		"specPattern": "cypress/e2e/**/*.cy.{js,jsx,ts,tsx}",
		"additionalIgnorePattern": [],
		"autoOpen": false,
		"browsers": [
			{
				"name": "chrome",
				"family": "chromium",
				"channel": "stable",
				"displayName": "Chrome",
				"version": "110.0.5481.177",
				"path": "/Applications/Google Chrome.app/Contents/MacOS/Google Chrome",
				"minSupportedVersion": 64,
				"majorVersion": "110"
			},
			{
				"name": "electron",
				"channel": "stable",
				"family": "chromium",
				"displayName": "Electron",
				"version": "106.0.5249.51",
				"path": "",
				"majorVersion": 106
			}
		],
		"clientRoute": "/__/",
		"cypressBinaryRoot": "/Users/kata/Library/Caches/Cypress/12.7.0/Cypress.app/Contents/Resources/app",
		"devServerPublicPathRoute": "/__cypress/src",
		"hosts": null,
		"isInteractive": true,
		"namespace": "__cypress",
		"reporterRoute": "/__cypress/reporter",
		"socketIoCookie": "__socket",
		"socketIoRoute": "/__socket",
		"version": "12.7.0",
		"cypressEnv": "production",
		"resolved": {
			"animationDistanceThreshold": {
				"value": 5,
				"from": "default"
			},
			"arch": {
				"value": "arm64",
				"from": "default"
			},
			"baseUrl": {
				"value": null,
				"from": "default"
			},
			"blockHosts": {
				"value": null,
				"from": "default"
			},
			"chromeWebSecurity": {
				"value": true,
				"from": "default"
			},
			"clientCertificates": {
				"value": [],
				"from": "default"
			},
			"defaultCommandTimeout": {
				"value": 30000,
				"from": "cli"
			},
			"downloadsFolder": {
				"value": "cypress/downloads",
				"from": "default"
			},
			"env": {},
			"execTimeout": {
				"value": 60000,
				"from": "default"
			},
			"experimentalFetchPolyfill": {
				"value": false,
				"from": "default"
			},
			"experimentalInteractiveRunEvents": {
				"value": false,
				"from": "default"
			},
			"experimentalRunAllSpecs": {
				"value": false,
				"from": "default"
			},
			"experimentalMemoryManagement": {
				"value": false,
				"from": "default"
			},
			"experimentalModifyObstructiveThirdPartyCode": {
				"value": false,
				"from": "default"
			},
			"experimentalSkipDomainInjection": {
				"value": null,
				"from": "default"
			},
			"experimentalOriginDependencies": {
				"value": false,
				"from": "default"
			},
			"experimentalSourceRewriting": {
				"value": false,
				"from": "default"
			},
			"experimentalSingleTabRunMode": {
				"value": false,
				"from": "default"
			},
			"experimentalStudio": {
				"value": false,
				"from": "default"
			},
			"experimentalWebKitSupport": {
				"value": false,
				"from": "default"
			},
			"fileServerFolder": {
				"value": "",
				"from": "default"
			},
			"fixturesFolder": {
				"value": "cypress/fixtures",
				"from": "default"
			},
			"excludeSpecPattern": {
				"value": "*.hot-update.js",
				"from": "default"
			},
			"includeShadowDom": {
				"value": false,
				"from": "default"
			},
			"keystrokeDelay": {
				"value": 0,
				"from": "default"
			},
			"modifyObstructiveCode": {
				"value": true,
				"from": "default"
			},
			"nodeVersion": {
				"from": "default"
			},
			"numTestsKeptInMemory": {
				"value": 0,
				"from": "config"
			},
			"platform": {
				"value": "darwin",
				"from": "default"
			},
			"pageLoadTimeout": {
				"value": 60000,
				"from": "default"
			},
			"port": {
				"value": null,
				"from": "default"
			},
			"projectId": {
				"value": null,
				"from": "default"
			},
			"redirectionLimit": {
				"value": 20,
				"from": "default"
			},
			"reporter": {
				"value": "spec",
				"from": "default"
			},
			"reporterOptions": {
				"value": null,
				"from": "default"
			},
			"requestTimeout": {
				"value": 5000,
				"from": "default"
			},
			"resolvedNodePath": {
				"value": null,
				"from": "default"
			},
			"resolvedNodeVersion": {
				"value": null,
				"from": "default"
			},
			"responseTimeout": {
				"value": 30000,
				"from": "default"
			},
			"retries": {
				"value": {
					"runMode": 0,
					"openMode": 0
				},
				"from": "default"
			},
			"screenshotOnRunFailure": {
				"value": true,
				"from": "default"
			},
			"screenshotsFolder": {
				"value": "cypress/screenshots",
				"from": "default"
			},
			"slowTestThreshold": {
				"value": 10000,
				"from": "default"
			},
			"scrollBehavior": {
				"value": "top",
				"from": "default"
			},
			"supportFile": {
				"value": "cypress/support/e2e.{js,jsx,ts,tsx}",
				"from": "default"
			},
			"supportFolder": {
				"value": false,
				"from": "default"
			},
			"taskTimeout": {
				"value": 60000,
				"from": "default"
			},
			"testIsolation": {
				"value": true,
				"from": "default"
			},
			"trashAssetsBeforeRuns": {
				"value": true,
				"from": "default"
			},
			"userAgent": {
				"value": null,
				"from": "default"
			},
			"video": {
				"value": true,
				"from": "cli"
			},
			"videoCompression": {
				"value": 32,
				"from": "default"
			},
			"videosFolder": {
				"value": "cypress/videos",
				"from": "default"
			},
			"videoUploadOnPasses": {
				"value": true,
				"from": "default"
			},
			"viewportHeight": {
				"value": 1200,
				"from": "cli"
			},
			"viewportWidth": {
				"value": 1400,
				"from": "cli"
			},
			"waitForAnimations": {
				"value": true,
				"from": "default"
			},
			"watchForFileChanges": {
				"value": false,
				"from": "config"
			},
			"specPattern": {
				"value": "cypress/e2e/**/*.cy.{js,jsx,ts,tsx}",
				"from": "default"
			},
			"browsers": {
				"value": [
					{
						"name": "chrome",
						"family": "chromium",
						"channel": "stable",
						"displayName": "Chrome",
						"version": "110.0.5481.177",
						"path": "/Applications/Google Chrome.app/Contents/MacOS/Google Chrome",
						"minSupportedVersion": 64,
						"majorVersion": "110"
					},
					{
						"name": "electron",
						"channel": "stable",
						"family": "chromium",
						"displayName": "Electron",
						"version": "106.0.5249.51",
						"path": "",
						"majorVersion": 106,
						"isHeadless": true,
						"isHeaded": false
					}
				],
				"from": "runtime"
			},
			"hosts": {
				"value": null,
				"from": "default"
			},
			"isInteractive": {
				"value": true,
				"from": "default"
			}
		},
		"testingType": "e2e",
		"remote": {
			"origin": "http://localhost:60034",
			"strategy": "file",
			"fileServer": "http://localhost:60035",
			"domainName": "localhost",
			"props": null
		},
		"browser": null,
		"specs": [],
		"proxyUrl": "http://localhost:60034",
		"browserUrl": "http://localhost:60034/__/",
		"reporterUrl": "http://localhost:60034/__cypress/reporter",
		"proxyServer": "http://localhost:60034",
		"state": {}
	}
}