{
	"actorSpecification": 1,
	"name": "python-mcp-server",
	"title": "Python MCP server",
	"description": "Python Model Context Protocol (MCP) server.",
	"version": "0.0",
	"buildTag": "latest",
	"usesStandbyMode": true,
	"meta": {
		"templateId": "python-mcp-server"
	},
	"input": {
        "title": "Actor input schema",
        "description": "This is Actor input schema",
        "type": "object",
        "schemaVersion": 1,
        "properties": {},
        "required": []
    },
	"dockerfile": "../Dockerfile",
    "webServerMcpPath": "/sse"
}
