{
    "actorSpecification": 1,
    "name": "getting-started-python-beautifulsoup",
    "title": "Getting started with Python and BeautifulSoup",
    "description": "Scrapes titles of websites using BeautifulSoup.",
    "version": "0.0",
    "buildTag": "latest",
    "meta": {
        "templateId": "python-beautifulsoup",
        "generatedBy": "<FILL-IN-MODEL>"
    },
    "input": "./input_schema.json",
    "output": "./output_schema.json",
    "storages": {
        "dataset": "./dataset_schema.json"
    },
    "dockerfile": "../Dockerfile"
}
