{
    "title": "Python BeautifulSoup Scraper",
    "type": "object",
    "schemaVersion": 1,
    "properties": {
        "start_urls": {
            "title": "Start URLs",
            "type": "array",
            "description": "URLs to start with",
            "prefill": [
                { "url": "https://apify.com" }
            ],
            "editor": "requestListSources"
        },
        "max_depth": {
            "title": "Maximum depth",
            "type": "integer",
            "description": "Depth to which to scrape to",
            "default": 1
        }
    },
    "required": ["start_urls"]
}
