{
    "title": "CheerioCrawler Template",
    "type": "object",
    "schemaVersion": 1,
    "properties": {
        "startUrls": {
            "title": "Start URLs",
            "type": "array",
            "description": "URLs to start with.",
            "editor": "requestListSources",
            "prefill": [
                {
                    "url": "https://crawlee.dev"
                }
            ]
        },
        "maxRequestsPerCrawl": {
            "title": "Max Requests per Crawl",
            "type": "integer",
            "description": "Maximum number of requests that can be made by this crawler.",
            "default": 100
        },
    }
}
