{
    "actorSpecification": 1,
    "name": "{{ botName }}",
    "title": "Getting started with Python Scrapy",
    "description": "Python Scrapy spider wrapped using the Apify CLI.",
    "version": "0.0",
    "meta": {
        "templateId": "python-scrapy"
    },
    "input": "./input_schema.json",
    "dockerfile": "./Dockerfile",
    "storages": {
        "dataset": {
            "actorSpecification": 1,
            "title": "URLs and their titles",
            "views": {
                "titles": {
                    "title": "URLs and their titles",
                    "transformation": {
                        "fields": [
                            "url",
                            "title"
                        ]
                    },
                    "display": {
                        "component": "table",
                        "properties": {
                            "url": {
                                "label": "URL",
                                "format": "text"
                            },
                            "title": {
                                "label": "Title",
                                "format": "text"
                            }
                        }
                    }
                }
            }
        }
    }
}
