{
    "title": "{{ botName }}",
    "type": "object",
    "schemaVersion": 1,
    "properties": {
        "startUrls": {
            "title": "Start URLs",
            "type": "array",
            "description": "URLs to start with",
            "prefill": [
                { "url": "https://apify.com" }
            ],
            "editor": "requestListSources"
        },
        "proxyConfiguration": {
            "sectionCaption": "Proxy and HTTP configuration",
            "title": "Proxy configuration",
            "type": "object",
            "description": "Specifies proxy servers that will be used by the scraper in order to hide its origin.",
            "editor": "proxy",
            "prefill": { "useApifyProxy": true },
            "default": { "useApifyProxy": true }
        }
    },
    "required": ["startUrls"]
}
