{
    "actorSpecification": 1,
    "name": "project-puppeteer-crawler-javascript",
    "title": "Project Puppeteer Crawler JavaScript",
    "description": "Crawlee and Puppeteer project in JavaScript.",
    "version": "0.0",
    "meta": {
        "templateId": "js-crawlee-puppeteer-chrome",
        "generatedBy": "<FILL-IN-MODEL>"
    },
    "input": "./input_schema.json",
    "output": "./output_schema.json",
    "storages": {
        "dataset": "./dataset_schema.json"
    },
    "dockerfile": "../Dockerfile"
}
